<annotation>
	<source>
		<filename>1.tif</filename>
		<origin>GF2/GF3</origin>
	</source>
	<research>
		<version>4.0</version>
		<provider>Company/School of team</provider>
		<author>team name</author>
		<pluginname>Airplane Detection and Recognition</pluginname>
		<pluginclass>Detection</pluginclass>
		<time>2020-07-2020-11</time>
	</research>
	<objects>
		<object>
			<coordinate>pixel</coordinate>
			<type>rectangle</type>
			<description>None</description>
			<possibleresult>
				<name>Boeing737</name>
				<probability>1</probability>
			</possibleresult>
			<points>
				<point>558.000000,790.000000</point>
				<point>530.000000,829.000000</point>
				<point>567.000000,855.000000</point>
				<point>595.000000,815.000000</point>
				<point>558.000000,790.000000</point>
			</points>
		</object>
		<object>
			<coordinate>pixel</coordinate>
			<type>rectangle</type>
			<description>None</description>
			<possibleresult>
				<name>A321</name>
				<probability>1</probability>
			</possibleresult>
			<points>
				<point>694.000000,921.000000</point>
				<point>662.000000,967.000000</point>
				<point>698.000000,993.000000</point>
				<point>731.000000,947.000000</point>
				<point>694.000000,921.000000</point>
			</points>
		</object>
		<object>
			<coordinate>pixel</coordinate>
			<type>rectangle</type>
			<description>None</description>
			<possibleresult>
				<name>A220</name>
				<probability>1</probability>
			</possibleresult>
			<points>
				<point>631.000000,437.000000</point>
				<point>584.000000,450.000000</point>
				<point>596.000000,494.000000</point>
				<point>643.000000,482.000000</point>
				<point>631.000000,437.000000</point>
			</points>
		</object>
		<object>
			<coordinate>pixel</coordinate>
			<type>rectangle</type>
			<description>None</description>
			<possibleresult>
				<name>Boeing737</name>
				<probability>1</probability>
			</possibleresult>
			<points>
				<point>649.000000,473.000000</point>
				<point>618.000000,511.000000</point>
				<point>653.000000,538.000000</point>
				<point>684.000000,500.000000</point>
				<point>649.000000,473.000000</point>
			</points>
		</object>
		<object>
			<coordinate>pixel</coordinate>
			<type>rectangle</type>
			<description>None</description>
			<possibleresult>
				<name>A321</name>
				<probability>1</probability>
			</possibleresult>
			<points>
				<point>837.000000,516.000000</point>
				<point>804.000000,561.000000</point>
				<point>842.000000,589.000000</point>
				<point>874.000000,544.000000</point>
				<point>837.000000,516.000000</point>
			</points>
		</object>
	</objects>
</annotation>