<annotation>
	<source>
		<filename>10.tif</filename>
		<origin>GF2/GF3</origin>
	</source>
	<research>
		<version>4.0</version>
		<provider>Company/School of team</provider>
		<author>team name</author>
		<pluginname>Airplane Detection and Recognition</pluginname>
		<pluginclass>Detection</pluginclass>
		<time>2020-07-2020-11</time>
	</research>
	<objects>
		<object>
			<coordinate>pixel</coordinate>
			<type>rectangle</type>
			<description>None</description>
			<possibleresult>
				<name>other</name>
				<probability>1</probability>
			</possibleresult>
			<points>
				<point>120.000000,803.000000</point>
				<point>151.000000,830.000000</point>
				<point>176.000000,802.000000</point>
				<point>145.000000,775.000000</point>
				<point>120.000000,803.000000</point>
			</points>
		</object>
		<object>
			<coordinate>pixel</coordinate>
			<type>rectangle</type>
			<description>None</description>
			<possibleresult>
				<name>other</name>
				<probability>1</probability>
			</possibleresult>
			<points>
				<point>285.000000,541.000000</point>
				<point>312.000000,511.000000</point>
				<point>283.000000,486.000000</point>
				<point>257.000000,515.000000</point>
				<point>285.000000,541.000000</point>
			</points>
		</object>
		<object>
			<coordinate>pixel</coordinate>
			<type>rectangle</type>
			<description>None</description>
			<possibleresult>
				<name>A321</name>
				<probability>1</probability>
			</possibleresult>
			<points>
				<point>658.000000,189.000000</point>
				<point>699.000000,227.000000</point>
				<point>729.000000,194.000000</point>
				<point>688.000000,156.000000</point>
				<point>658.000000,189.000000</point>
			</points>
		</object>
		<object>
			<coordinate>pixel</coordinate>
			<type>rectangle</type>
			<description>None</description>
			<possibleresult>
				<name>Boeing737</name>
				<probability>1</probability>
			</possibleresult>
			<points>
				<point>936.000000,605.000000</point>
				<point>966.000000,567.000000</point>
				<point>931.000000,538.000000</point>
				<point>900.000000,575.000000</point>
				<point>936.000000,605.000000</point>
			</points>
		</object>
	</objects>
</annotation>