<annotation>
	<source>
		<filename>2.tif</filename>
		<origin>GF2/GF3</origin>
	</source>
	<research>
		<version>4.0</version>
		<provider>Company/School of team</provider>
		<author>team name</author>
		<pluginname>Airplane Detection and Recognition</pluginname>
		<pluginclass>Detection</pluginclass>
		<time>2020-07-2020-11</time>
	</research>
	<objects>
		<object>
			<coordinate>pixel</coordinate>
			<type>rectangle</type>
			<description>None</description>
			<possibleresult>
				<name>Boeing737</name>
				<probability>1</probability>
			</possibleresult>
			<points>
				<point>558.000000,499.000000</point>
				<point>530.000000,538.000000</point>
				<point>567.000000,564.000000</point>
				<point>595.000000,524.000000</point>
				<point>558.000000,499.000000</point>
			</points>
		</object>
		<object>
			<coordinate>pixel</coordinate>
			<type>rectangle</type>
			<description>None</description>
			<possibleresult>
				<name>A321</name>
				<probability>1</probability>
			</possibleresult>
			<points>
				<point>694.000000,630.000000</point>
				<point>662.000000,676.000000</point>
				<point>698.000000,702.000000</point>
				<point>731.000000,656.000000</point>
				<point>694.000000,630.000000</point>
			</points>
		</object>
		<object>
			<coordinate>pixel</coordinate>
			<type>rectangle</type>
			<description>None</description>
			<possibleresult>
				<name>A220</name>
				<probability>1</probability>
			</possibleresult>
			<points>
				<point>631.000000,146.000000</point>
				<point>584.000000,159.000000</point>
				<point>596.000000,203.000000</point>
				<point>643.000000,191.000000</point>
				<point>631.000000,146.000000</point>
			</points>
		</object>
		<object>
			<coordinate>pixel</coordinate>
			<type>rectangle</type>
			<description>None</description>
			<possibleresult>
				<name>Boeing737</name>
				<probability>1</probability>
			</possibleresult>
			<points>
				<point>649.000000,182.000000</point>
				<point>618.000000,220.000000</point>
				<point>653.000000,247.000000</point>
				<point>684.000000,209.000000</point>
				<point>649.000000,182.000000</point>
			</points>
		</object>
		<object>
			<coordinate>pixel</coordinate>
			<type>rectangle</type>
			<description>None</description>
			<possibleresult>
				<name>A321</name>
				<probability>1</probability>
			</possibleresult>
			<points>
				<point>837.000000,225.000000</point>
				<point>804.000000,270.000000</point>
				<point>842.000000,298.000000</point>
				<point>874.000000,253.000000</point>
				<point>837.000000,225.000000</point>
			</points>
		</object>
	</objects>
</annotation>