<annotation>
	<source>
		<filename>3.tif</filename>
		<origin>GF2/GF3</origin>
	</source>
	<research>
		<version>4.0</version>
		<provider>Company/School of team</provider>
		<author>team name</author>
		<pluginname>Airplane Detection and Recognition</pluginname>
		<pluginclass>Detection</pluginclass>
		<time>2020-07-2020-11</time>
	</research>
	<objects>
		<object>
			<coordinate>pixel</coordinate>
			<type>rectangle</type>
			<description>None</description>
			<possibleresult>
				<name>A321</name>
				<probability>1</probability>
			</possibleresult>
			<points>
				<point>876.000000,803.000000</point>
				<point>918.000000,840.000000</point>
				<point>949.000000,805.000000</point>
				<point>906.000000,768.000000</point>
				<point>876.000000,803.000000</point>
			</points>
		</object>
		<object>
			<coordinate>pixel</coordinate>
			<type>rectangle</type>
			<description>None</description>
			<possibleresult>
				<name>Boeing737</name>
				<probability>1</probability>
			</possibleresult>
			<points>
				<point>914.000000,759.000000</point>
				<point>950.000000,791.000000</point>
				<point>977.000000,760.000000</point>
				<point>941.000000,728.000000</point>
				<point>914.000000,759.000000</point>
			</points>
		</object>
		<object>
			<coordinate>pixel</coordinate>
			<type>rectangle</type>
			<description>None</description>
			<possibleresult>
				<name>Boeing737</name>
				<probability>1</probability>
			</possibleresult>
			<points>
				<point>950.000000,720.000000</point>
				<point>985.000000,751.000000</point>
				<point>1015.000000,717.000000</point>
				<point>979.000000,686.000000</point>
				<point>950.000000,720.000000</point>
			</points>
		</object>
	</objects>
</annotation>