<annotation>
	<source>
		<filename>4.tif</filename>
		<origin>GF2/GF3</origin>
	</source>
	<research>
		<version>4.0</version>
		<provider>Company/School of team</provider>
		<author>team name</author>
		<pluginname>Airplane Detection and Recognition</pluginname>
		<pluginclass>Detection</pluginclass>
		<time>2020-07-2020-11</time>
	</research>
	<objects>
		<object>
			<coordinate>pixel</coordinate>
			<type>rectangle</type>
			<description>None</description>
			<possibleresult>
				<name>A321</name>
				<probability>1</probability>
			</possibleresult>
			<points>
				<point>69.000000,516.000000</point>
				<point>36.000000,561.000000</point>
				<point>74.000000,589.000000</point>
				<point>106.000000,544.000000</point>
				<point>69.000000,516.000000</point>
			</points>
		</object>
		<object>
			<coordinate>pixel</coordinate>
			<type>rectangle</type>
			<description>None</description>
			<possibleresult>
				<name>A220</name>
				<probability>1</probability>
			</possibleresult>
			<points>
				<point>241.000000,738.000000</point>
				<point>275.000000,773.000000</point>
				<point>308.000000,741.000000</point>
				<point>274.000000,706.000000</point>
				<point>241.000000,738.000000</point>
			</points>
		</object>
		<object>
			<coordinate>pixel</coordinate>
			<type>rectangle</type>
			<description>None</description>
			<possibleresult>
				<name>A220</name>
				<probability>1</probability>
			</possibleresult>
			<points>
				<point>316.000000,653.000000</point>
				<point>363.000000,659.000000</point>
				<point>368.000000,617.000000</point>
				<point>321.000000,611.000000</point>
				<point>316.000000,653.000000</point>
			</points>
		</object>
		<object>
			<coordinate>pixel</coordinate>
			<type>rectangle</type>
			<description>None</description>
			<possibleresult>
				<name>other</name>
				<probability>1</probability>
			</possibleresult>
			<points>
				<point>300.000000,588.000000</point>
				<point>343.000000,571.000000</point>
				<point>326.000000,527.000000</point>
				<point>283.000000,544.000000</point>
				<point>300.000000,588.000000</point>
			</points>
		</object>
		<object>
			<coordinate>pixel</coordinate>
			<type>rectangle</type>
			<description>None</description>
			<possibleresult>
				<name>Boeing737</name>
				<probability>1</probability>
			</possibleresult>
			<points>
				<point>370.000000,330.000000</point>
				<point>397.000000,369.000000</point>
				<point>434.000000,342.000000</point>
				<point>407.000000,304.000000</point>
				<point>370.000000,330.000000</point>
			</points>
		</object>
		<object>
			<coordinate>pixel</coordinate>
			<type>rectangle</type>
			<description>None</description>
			<possibleresult>
				<name>A321</name>
				<probability>1</probability>
			</possibleresult>
			<points>
				<point>876.000000,35.000000</point>
				<point>918.000000,72.000000</point>
				<point>949.000000,37.000000</point>
				<point>906.000000,0.000000</point>
				<point>876.000000,35.000000</point>
			</points>
		</object>
	</objects>
</annotation>