<annotation>
	<source>
		<filename>5.tif</filename>
		<origin>GF2/GF3</origin>
	</source>
	<research>
		<version>4.0</version>
		<provider>Company/School of team</provider>
		<author>team name</author>
		<pluginname>Airplane Detection and Recognition</pluginname>
		<pluginclass>Detection</pluginclass>
		<time>2020-07-2020-11</time>
	</research>
	<objects>
		<object>
			<coordinate>pixel</coordinate>
			<type>rectangle</type>
			<description>None</description>
			<possibleresult>
				<name>A321</name>
				<probability>1</probability>
			</possibleresult>
			<points>
				<point>69.000000,225.000000</point>
				<point>36.000000,270.000000</point>
				<point>74.000000,298.000000</point>
				<point>106.000000,253.000000</point>
				<point>69.000000,225.000000</point>
			</points>
		</object>
		<object>
			<coordinate>pixel</coordinate>
			<type>rectangle</type>
			<description>None</description>
			<possibleresult>
				<name>A220</name>
				<probability>1</probability>
			</possibleresult>
			<points>
				<point>241.000000,447.000000</point>
				<point>275.000000,482.000000</point>
				<point>308.000000,450.000000</point>
				<point>274.000000,415.000000</point>
				<point>241.000000,447.000000</point>
			</points>
		</object>
		<object>
			<coordinate>pixel</coordinate>
			<type>rectangle</type>
			<description>None</description>
			<possibleresult>
				<name>A220</name>
				<probability>1</probability>
			</possibleresult>
			<points>
				<point>316.000000,362.000000</point>
				<point>363.000000,368.000000</point>
				<point>368.000000,326.000000</point>
				<point>321.000000,320.000000</point>
				<point>316.000000,362.000000</point>
			</points>
		</object>
		<object>
			<coordinate>pixel</coordinate>
			<type>rectangle</type>
			<description>None</description>
			<possibleresult>
				<name>other</name>
				<probability>1</probability>
			</possibleresult>
			<points>
				<point>300.000000,297.000000</point>
				<point>343.000000,280.000000</point>
				<point>326.000000,236.000000</point>
				<point>283.000000,253.000000</point>
				<point>300.000000,297.000000</point>
			</points>
		</object>
		<object>
			<coordinate>pixel</coordinate>
			<type>rectangle</type>
			<description>None</description>
			<possibleresult>
				<name>Boeing737</name>
				<probability>1</probability>
			</possibleresult>
			<points>
				<point>370.000000,39.000000</point>
				<point>397.000000,78.000000</point>
				<point>434.000000,51.000000</point>
				<point>407.000000,13.000000</point>
				<point>370.000000,39.000000</point>
			</points>
		</object>
	</objects>
</annotation>