<annotation>
	<source>
		<filename>6.tif</filename>
		<origin>GF2/GF3</origin>
	</source>
	<research>
		<version>4.0</version>
		<provider>Company/School of team</provider>
		<author>team name</author>
		<pluginname>Airplane Detection and Recognition</pluginname>
		<pluginclass>Detection</pluginclass>
		<time>2020-07-2020-11</time>
	</research>
	<objects>
		<object>
			<coordinate>pixel</coordinate>
			<type>rectangle</type>
			<description>None</description>
			<possibleresult>
				<name>other</name>
				<probability>1</probability>
			</possibleresult>
			<points>
				<point>726.000000,972.000000</point>
				<point>758.000000,999.000000</point>
				<point>782.000000,971.000000</point>
				<point>750.000000,944.000000</point>
				<point>726.000000,972.000000</point>
			</points>
		</object>
		<object>
			<coordinate>pixel</coordinate>
			<type>rectangle</type>
			<description>None</description>
			<possibleresult>
				<name>other</name>
				<probability>1</probability>
			</possibleresult>
			<points>
				<point>888.000000,803.000000</point>
				<point>919.000000,830.000000</point>
				<point>944.000000,802.000000</point>
				<point>913.000000,775.000000</point>
				<point>888.000000,803.000000</point>
			</points>
		</object>
	</objects>
</annotation>