<annotation>
	<source>
		<filename>7.tif</filename>
		<origin>GF2/GF3</origin>
	</source>
	<research>
		<version>4.0</version>
		<provider>Company/School of team</provider>
		<author>team name</author>
		<pluginname>Airplane Detection and Recognition</pluginname>
		<pluginclass>Detection</pluginclass>
		<time>2020-07-2020-11</time>
	</research>
	<objects>
		<object>
			<coordinate>pixel</coordinate>
			<type>rectangle</type>
			<description>None</description>
			<possibleresult>
				<name>A321</name>
				<probability>1</probability>
			</possibleresult>
			<points>
				<point>108.000000,803.000000</point>
				<point>150.000000,840.000000</point>
				<point>181.000000,805.000000</point>
				<point>138.000000,768.000000</point>
				<point>108.000000,803.000000</point>
			</points>
		</object>
		<object>
			<coordinate>pixel</coordinate>
			<type>rectangle</type>
			<description>None</description>
			<possibleresult>
				<name>Boeing737</name>
				<probability>1</probability>
			</possibleresult>
			<points>
				<point>146.000000,759.000000</point>
				<point>182.000000,791.000000</point>
				<point>209.000000,760.000000</point>
				<point>173.000000,728.000000</point>
				<point>146.000000,759.000000</point>
			</points>
		</object>
		<object>
			<coordinate>pixel</coordinate>
			<type>rectangle</type>
			<description>None</description>
			<possibleresult>
				<name>Boeing737</name>
				<probability>1</probability>
			</possibleresult>
			<points>
				<point>182.000000,720.000000</point>
				<point>217.000000,751.000000</point>
				<point>247.000000,717.000000</point>
				<point>211.000000,686.000000</point>
				<point>182.000000,720.000000</point>
			</points>
		</object>
		<object>
			<coordinate>pixel</coordinate>
			<type>rectangle</type>
			<description>None</description>
			<possibleresult>
				<name>other</name>
				<probability>1</probability>
			</possibleresult>
			<points>
				<point>299.000000,391.000000</point>
				<point>324.000000,359.000000</point>
				<point>295.000000,337.000000</point>
				<point>270.000000,369.000000</point>
				<point>299.000000,391.000000</point>
			</points>
		</object>
		<object>
			<coordinate>pixel</coordinate>
			<type>rectangle</type>
			<description>None</description>
			<possibleresult>
				<name>A321</name>
				<probability>1</probability>
			</possibleresult>
			<points>
				<point>632.000000,546.000000</point>
				<point>668.000000,502.000000</point>
				<point>631.000000,471.000000</point>
				<point>595.000000,515.000000</point>
				<point>632.000000,546.000000</point>
			</points>
		</object>
		<object>
			<coordinate>pixel</coordinate>
			<type>rectangle</type>
			<description>None</description>
			<possibleresult>
				<name>Boeing787</name>
				<probability>1</probability>
			</possibleresult>
			<points>
				<point>633.000000,266.000000</point>
				<point>689.000000,316.000000</point>
				<point>741.000000,258.000000</point>
				<point>685.000000,208.000000</point>
				<point>633.000000,266.000000</point>
			</points>
		</object>
		<object>
			<coordinate>pixel</coordinate>
			<type>rectangle</type>
			<description>None</description>
			<possibleresult>
				<name>other</name>
				<probability>1</probability>
			</possibleresult>
			<points>
				<point>726.000000,204.000000</point>
				<point>758.000000,231.000000</point>
				<point>782.000000,203.000000</point>
				<point>750.000000,176.000000</point>
				<point>726.000000,204.000000</point>
			</points>
		</object>
		<object>
			<coordinate>pixel</coordinate>
			<type>rectangle</type>
			<description>None</description>
			<possibleresult>
				<name>other</name>
				<probability>1</probability>
			</possibleresult>
			<points>
				<point>888.000000,35.000000</point>
				<point>919.000000,62.000000</point>
				<point>944.000000,34.000000</point>
				<point>913.000000,7.000000</point>
				<point>888.000000,35.000000</point>
			</points>
		</object>
	</objects>
</annotation>